distribution_1,distribution_2,distribution_3,distribution_4,distribution_5,distribution_6,distribution_7
False,100.00413373016063,3.6083071502405213,890,1,-34,0.5638274339965488
False,100.00886772248356,5.785856035734149,897,1,-35,1.4418591825850715
False,100.00440163845215,4.785344271386665,898,3,-37,0.34766442385578356
False,100.00058947113045,5.71204738629023,890,0,-34,3.0393302015868104
False,100.01788906820856,4.240378556429471,898,1,-35,0.0895873606122898
False,99.99810253276269,5.836896911654774,899,3,-38,0.006488810319021639
False,99.98106310236243,2.773723788371661,903,0,-39,0.849208181518536
False,100.006207724038,5.173653312779587,907,1,-33,0.8002589454308596
False,99.9955539010282,1.8368220271029148,905,2,-36,0.8327707809503211
False,100.00203599803473,3.5567742911188724,911,0,-31,2.021599333108922
False,100.02341493275608,1.359672951445173,899,0,-38,0.6020659313313808
False,100.006290146219,1.3761644232246264,892,2,-37,0.10377014647525255
False,100.0011423985258,2.710857169523956,908,2,-31,0.20225056140352682
False,100.01121509992501,1.0049202163965063,907,3,-30,0.1489104758744517
False,100.00267054303825,3.6879239924689093,902,3,-33,0.4532543107817727
False,99.99238913530237,2.845849043941339,916,0,-34,0.5141591333469514
True,99.9868653101659,4.6601645192048196,904,1,-33,0.3472881459627017
False,100.00568354934876,1.0787555947377543,894,3,-31,0.8316778182546699
False,99.99750856733702,5.766901239168718,910,1,-33,1.239548309414645
False,99.99997514586589,5.75450903303395,902,4,-30,0.25781117644713464
False,99.99617939771298,5.269833506108185,901,0,-32,0.5498985680916724
False,99.97988954343371,2.8309659779919016,904,1,-38,0.3515622332928848
False,99.98851191374446,3.249757907097489,892,0,-33,0.4219725536065907
False,99.99991545999998,2.820193008406715,898,0,-39,0.046918884498977534
False,99.98525319848932,2.281187735685724,887,0,-38,0.4315933534741285
False,100.00399011582864,1.7694348281664443,915,3,-39,0.1486193598942726
False,100.00364175820948,1.8172849648842244,907,2,-30,0.049183805925724716
False,100.00239002919237,4.009516274766954,891,0,-35,0.9008910745498366
False,99.98778378413141,4.74677062929326,898,0,-30,0.05309689039979236
False,99.98505012216354,5.968663794589335,896,0,-34,0.40993011951074276
False,100.0234857296588,4.716322165564275,894,1,-30,0.1760458627628101
False,100.00344600374267,2.1985827012834083,923,1,-39,0.6504045291754739
False,99.99521928659752,1.2512595238653543,883,3,-39,0.39115199954789415
False,99.98840133390028,2.4548009680452916,904,0,-32,1.0757606684054861
False,99.98861610296522,4.776740777602745,905,4,-32,0.6786876049062369
False,100.00400537587609,4.914778123816657,903,1,-34,0.263042363396128
False,100.01597143159289,1.3467868016122122,905,0,-36,0.02554744414372308
False,99.99866210456716,3.773508325935221,909,0,-31,0.39448009268111095
False,100.0132905843768,4.3421578751564915,906,1,-37,0.4817242591175074
False,100.01991616543606,4.890655789838335,904,3,-36,0.21618309019815057
False,100.00014167229932,5.580295145650734,913,4,-31,2.662850379142692
False,99.99684112730546,4.986599299376623,889,2,-33,0.5800472956685556
False,99.99178466758266,3.4906563968566826,893,2,-31,0.18692956470121525
False,99.99629771952922,5.412757962747439,884,0,-35,0.3061764413937812
False,99.99960225388776,1.2190866692979916,897,1,-39,0.3666771407057884
False,99.99031307361179,5.015679170522633,888,2,-30,0.08666311921609347
False,99.99931560673033,2.4864387482795696,896,1,-35,0.672223407067706
False,100.01478229649256,4.054293221496263,920,4,-34,2.1713042439309698
False,99.9936690085608,1.1291512490375246,916,1,-30,0.055608800500338805
False,100.01180648212842,2.6738921904286315,900,1,-31,2.13248064095954
False,99.98691075747975,3.099050241704676,903,1,-36,0.06804001302072715
False,99.99516264120646,3.9469303702221197,903,1,-38,0.5954073348025766
False,99.97883887582555,4.054765927883642,908,0,-30,0.13237014009973694
False,100.00132347095753,4.931344825472095,891,0,-33,0.9485797467173404
False,100.01018877819114,3.462732550886732,900,1,-33,0.4110582752964486
False,99.99274047259726,4.476726144787466,918,1,-32,0.0013243946303219461
False,100.00433910791013,4.389802058490264,893,2,-39,0.7735625881559283
False,99.98979461228684,4.722873054370822,922,2,-31,1.0672459718715988
False,99.99659619798572,1.9382727361231935,907,0,-37,0.22074852661208658
False,100.00011106368409,2.500658711566334,917,2,-33,0.18523408028034075
False,100.00088924141896,2.747770982547749,913,3,-35,0.4530909472134242
False,100.00759882951989,1.6045689687649718,895,1,-34,0.22049993115411412
False,99.99700974834178,5.196690581266087,901,0,-35,0.2662542037383536
False,100.00458397734252,3.6972290836953245,894,0,-34,0.39576434522912257
False,99.98597116780805,3.068488618210911,900,0,-32,0.3195254658928041
False,99.9794115589517,1.8315865849620292,909,1,-38,2.0757498707222677
False,100.00090469820712,1.2085834061626268,907,0,-31,0.33041266482928544
False,100.00635296265217,2.476104336075987,909,2,-32,0.898371489736042
False,100.0088913822726,3.2495138750566728,884,2,-34,0.10250499393854158
False,99.99565411708328,4.914470914561564,901,1,-33,0.37907177438984974
False,100.00112613989367,1.5730145992080715,892,0,-32,0.5442847402343441
False,99.97895671053199,3.3472220068247296,912,1,-31,0.35206978379897413
False,100.00091990892618,3.1939254697113784,904,2,-35,2.8941675445516557
False,100.00104316096919,4.840323038743792,892,1,-33,3.037903758081986
False,99.99933351346363,2.9051337919749027,892,2,-39,0.3397452661282653
False,99.97935191707232,4.994991151629916,890,0,-39,0.5244458337383412
False,99.99967113747925,5.139773285792147,894,0,-39,0.8748618694009359
False,100.00721632950795,4.82062490501786,914,0,-32,0.09701241000739828
False,100.00491688842479,1.9227174586161562,904,0,-30,0.10379457917076297
False,100.01250608175681,3.6568630458578935,898,2,-35,0.30547810193897434
False,99.99412598300978,1.359700959746545,915,2,-39,0.08586256546670186
False,100.01197808499809,5.844190202075152,893,2,-31,0.3309400674679075
False,99.99944803009559,3.7167576589890077,888,1,-37,0.5944294097051075
False,99.99649799012337,3.6828499216618247,899,0,-32,0.4064232094492103
False,100.00960092341589,1.2506724871893211,893,0,-34,0.2861393939257555
False,99.99655491829198,4.3213496216791665,886,2,-32,0.07058976115058865
False,99.99453128283447,5.6159659056939,901,0,-33,0.09037006725920561
False,100.00034927733381,2.2632144463833415,902,4,-34,0.1838921523563681
False,100.00080794482543,5.463738878006903,901,0,-37,0.23208683801830388
False,100.00946545603635,4.242538947161242,882,1,-37,0.6561120566930546
False,99.98824086391247,3.2329812554232027,902,1,-33,0.05514474620890888
False,100.00313651846508,2.3273491504406114,910,1,-30,0.1968638176344283
False,100.00498473831362,2.0760805376746063,897,0,-35,0.5743864749354816
False,99.9993853748818,4.450415649604404,908,2,-34,0.03791351872405792
False,100.01447305697538,2.842773056721862,888,1,-33,0.15053910009821708
False,99.98861529689542,1.0601650206710713,907,0,-36,2.3871781451758727
False,100.00636159068122,4.592939573948594,893,2,-35,0.09658004572936765
False,100.00310845604103,2.5050266237534045,909,1,-34,0.7134671242909133
False,99.99908357916014,1.4108100781552153,894,2,-31,0.2206526243747701
False,100.0047590553207,1.4237426070885597,899,0,-36,0.03787379779395254
False,99.99919463232787,2.322522304704682,902,5,-35,0.29131406006788446
False,100.0089100791525,2.5170365251927267,917,1,-37,0.7810787332222914
False,100.00695095179998,3.249659462908298,882,2,-39,0.08791650226394933
False,99.9960643457944,3.3919281410686133,897,2,-35,0.2658815211958624
False,99.99796643094511,4.371927576775572,900,1,-31,1.3978682128040818
False,99.99519077540485,4.3814476066475265,906,2,-35,0.08301542376921982
False,99.99979529961267,4.368961654591056,906,2,-37,0.4916829403585831
False,100.00312135623199,1.5492059957978224,901,0,-35,0.3924227255384129
False,99.99389481688871,4.972407744950907,900,1,-34,0.5655419336707805
False,99.99856119059041,4.6083221398518095,911,5,-31,0.49100818086915626
False,99.99268189944104,2.5165679169824626,893,2,-36,0.4074879546831508
False,99.9920536138584,4.679620956885775,897,0,-31,0.5822129580099823
False,100.01390407563353,2.847242859026001,906,1,-38,0.7005594638670707
False,99.9998120517157,5.3951731719150375,886,2,-37,0.2575550040023338
False,100.00336833548215,3.729891390149005,907,1,-34,0.5651172656312266
False,100.0047072607135,1.5318249097447896,876,0,-30,0.12694298179566457
False,100.00235224379942,1.519488499699707,918,2,-38,0.2657863232363716
False,100.0099411992019,1.0749657687204537,893,0,-34,0.04569578627302877
False,99.9885720934984,5.832354405417729,894,0,-30,0.4714383784489322
False,100.00478052964377,2.6333521114025613,915,1,-31,1.8355176114409772
False,100.00678655336786,1.4736739838870518,887,0,-34,0.8117280895955784
False,99.98661489181896,5.6081085327119995,879,2,-34,0.2625839112021821
False,100.00024649151598,2.9086588091026706,879,2,-34,0.40928970541912885
False,99.99913962091773,5.44459973447507,909,1,-32,0.7503336552994705
False,99.9865821935048,5.392647114560979,905,2,-36,0.16230093541475824
False,100.00125547477377,2.2973750243807807,896,1,-33,0.12288309844700164
False,99.9985173465302,1.8644123114052005,908,3,-33,1.320418467926147
False,99.9940522268132,2.978249089394227,908,2,-30,0.056568038915719286
False,99.9900402464109,4.121728555710908,897,0,-32,0.26323116847463446
False,99.9950417002965,2.461342246060038,901,1,-35,0.10621027372715379
False,99.99533342739927,5.783801639631688,890,1,-32,0.3018212366703677
False,99.9972203683387,3.3231507112976706,909,0,-39,0.895353276120957
False,99.99602229127836,1.99424872441904,909,1,-36,0.5344609757366361
False,99.99477580947763,2.5290705214266125,911,3,-31,0.12136402126679867
False,100.00811431900641,5.669022745672226,890,1,-35,0.3867349294027826
False,100.00785089897595,1.940789220510692,892,0,-32,0.13916082446719133
False,100.00735811285092,1.8947201305841512,904,4,-33,0.42616562547593606
False,100.00628321604327,5.111788592603757,897,1,-37,0.12000052609119685
False,99.99601849833111,5.469317496435495,891,1,-38,0.1752241975883633
False,100.00060641804612,2.8086604684656438,900,1,-31,1.574046278542393
False,100.00784825561543,3.2183656716998827,898,0,-31,0.2516238767386199
False,100.01693675796388,1.0176424582783148,887,2,-35,0.38431671864632916
False,100.00981821615497,2.148243637925951,899,1,-35,0.07549123676430204
False,100.0119272441394,4.3822762744379045,884,1,-34,0.5783002136191079
False,99.99461830169756,1.2730944196544471,895,3,-34,0.26532074282112594
False,99.98928741965756,3.306984213715773,894,1,-33,1.4089642050185327
False,99.99569845208062,4.482514712394154,902,4,-30,0.39388839397916015
False,99.99982140366352,1.5341125094499855,893,0,-32,0.06364726698470656
False,99.99291750648055,4.864956820960714,915,0,-30,0.027806541661831753
False,100.00089513551843,4.637126309113148,895,0,-35,0.7343831619914892
False,99.9955767922972,2.969514109240009,890,2,-30,0.01583156359198695
False,100.00304288773961,2.6447247030576317,916,1,-36,0.163909497252467
False,99.99574032112257,2.2789417122829754,893,0,-33,0.025243194898730715
True,99.99269918228802,1.3621431550668701,915,1,-30,0.03045561795571782
False,100.00556649046653,4.420824088487917,893,0,-38,1.0106763576756697
False,99.98526680541006,5.332973711110059,891,1,-34,0.5246760171605285
False,99.99358818640499,1.2278123958274958,917,1,-32,0.4715551347029002
False,100.0013960015038,2.6473332481549097,909,1,-33,0.7141625389121816
False,99.990618408692,3.197510385479584,904,2,-32,0.8285125838572667
False,99.99430602654824,2.234046680249329,905,0,-35,0.2826525981970768
False,99.99219435331275,4.382317766828521,887,0,-39,0.6452481598419646
False,100.00643792279966,1.2764980985312442,894,0,-34,1.0711195739010546
False,100.00794854834572,5.965866570926022,900,3,-37,1.2303200126344735
False,100.00636764233155,1.7819039510423254,895,2,-30,0.9735339541064564
False,100.0050674453962,4.008393212601643,899,1,-34,0.02126714538975124
False,99.99818187798256,2.105179439361486,923,0,-32,0.9893864397208832
False,100.0026647219198,2.764637266755341,891,2,-31,0.2824796633393562
False,100.00982494803354,2.2054402921982756,905,3,-37,0.484121135820597
False,100.01083058961898,1.2592767985256872,921,3,-36,1.814210735889648
False,100.00888442623675,5.938345727387593,906,0,-31,0.6087572741304217
False,99.99297745822383,5.336754514838002,915,0,-32,0.21444752494055866
False,100.0028079269794,5.243757114420599,892,2,-39,0.36583495157958207
False,99.99099034262592,1.369782862546717,904,2,-31,0.01281396205079291
False,99.98947164247272,1.0047186016745893,892,2,-38,0.23880658499325588
False,100.0181476277355,4.269534767594808,903,0,-35,0.014943678323715242
False,100.00734478881999,2.845677639399787,900,2,-37,0.1644769406902269
False,99.98330255913307,2.7939086347721873,907,3,-30,0.03519852449957511
False,100.00042444070812,2.1183425152137816,903,1,-38,0.4445622788455918
False,99.99880987010023,1.7178971361209396,903,0,-38,0.0022399698569915407
False,100.00126066904757,5.377098424723115,904,1,-37,0.4226479078066403
False,99.98246705728185,3.5636219475789748,891,2,-31,0.059292046428356775
False,100.00316185154723,2.2305105603975184,929,0,-30,0.9512781743641971
False,100.01073142759896,3.329860786679055,902,1,-30,0.8380307943647675
False,100.01773573815065,2.374716149931791,899,1,-39,0.8376855590746807
False,100.0089301564023,1.1870567136842138,906,1,-34,0.516046393954112
False,99.97816136957655,1.4834395902600503,906,3,-34,0.4947012855319901
False,100.01054693464458,3.8491467970131037,902,1,-31,0.07928664867515714
False,100.01069597777742,3.130325682082721,891,2,-33,0.16726081848553895
False,99.99361379492912,1.6563786643920033,920,2,-34,0.8767692202657749
False,99.99527809624277,5.873154547858291,904,1,-39,0.1848350928927145
False,99.99035922155342,3.8439196656353607,901,0,-31,0.35659494545067083
False,100.0035898840056,5.791945022173109,885,1,-30,0.5009172019446168
False,100.00535606483231,2.2766041533198464,906,2,-33,1.4213733004808053
False,99.99640560147887,3.1031384644020896,893,3,-36,0.11416165167747121
False,99.99188097017087,3.5733412078967266,884,0,-35,0.7172242869509752
False,100.01144023765569,3.7846429966341053,893,1,-33,0.7821836670011371
False,100.0127159487615,3.2395063665473836,902,1,-39,0.06492296541728304
False,99.99440653109976,5.775807288949936,918,2,-35,0.007804613376910399
False,100.01484369147951,1.6866245078520539,892,2,-36,0.44076317354830696
False,99.9932790395374,5.01009900545067,906,1,-33,1.5521526700211785
False,100.01267618447915,3.5765030033093805,889,1,-34,0.0959957318594974
False,100.00638146221118,4.721644175159625,904,3,-37,0.014455685134915689
False,99.99891768490447,1.8955826323904548,907,1,-33,0.44045987362604494
False,99.98742860453169,3.850035493675858,895,0,-35,0.07311344651522396
False,100.02602191454706,4.184026047263229,891,2,-34,0.4491668220795059
False,99.98782793364312,4.49919390009867,912,1,-32,0.3349515565865997
False,100.01571516584069,2.818516564378619,895,0,-30,0.4808978017350464
False,100.00935009168226,3.2934374686558052,899,0,-36,0.9663881782962231
False,99.97682175074527,5.202037109929863,883,1,-30,0.89769632989466
False,100.00480264053563,2.709425359952332,901,0,-37,0.534595414483835
False,100.0101102150047,3.703366838688703,906,1,-35,0.05726190566198076
False,99.9886067809155,4.105787296428545,895,1,-38,0.2505958506716754
False,99.99912298612614,1.9514243834286673,897,0,-39,0.2445813059152521
False,100.01308675039205,2.5826389020400478,899,1,-34,0.5121602657059481
False,100.00838788804052,4.514970427048373,905,1,-35,0.29603114850674545
False,99.99643670237104,2.1313882885195574,900,0,-34,1.2457182646444716
False,100.0096319630054,3.201999771821661,909,3,-36,0.13960734426137136
False,100.00065138338941,5.842976413947245,917,0,-37,1.2384645931231322
False,100.00409538481019,4.271410298431032,895,0,-39,0.30745412328302496
False,99.98784644032789,1.3340809788170689,906,2,-38,0.17756019552547392
False,100.02480718892834,2.771371079914157,898,6,-33,0.5332800765943833
False,99.98693066705981,3.2344588540711134,889,2,-33,0.49374875829940534
False,99.99021128216212,3.9762771198558537,906,2,-39,0.1047935937650238
False,100.0080495656723,2.1367877180729753,903,0,-32,0.7982789827657462
False,100.0009029673617,5.986698706186631,900,1,-35,0.0313907254057078
False,99.99398701041402,5.673308291015867,903,1,-37,0.342158979714822
False,100.00249460360709,1.2224126021268436,903,2,-35,0.21141622210414676
False,99.9908653494226,5.3704195539128285,882,2,-32,0.12041750647620679
False,100.00427563283834,2.4964989170627687,900,1,-37,0.14266473736231888
False,100.00491207810977,1.4421172962873028,918,3,-33,0.9309479506837135
False,100.01824370853618,5.546545457094037,896,3,-38,0.34877213866905327
False,99.99655072873796,2.407713146297093,909,1,-38,0.008270569504353226
False,99.99448339352891,3.4558196761971276,898,0,-34,0.20397634769848466
False,99.98567823724218,4.606197974834635,909,3,-33,0.16640116588670095
False,100.00465815018278,3.4872143178721595,908,0,-36,0.1943717577541884
False,100.00056807425923,5.751608276587596,893,0,-38,0.06516206276953386
False,99.98964568907364,1.0632448625867061,892,2,-31,0.1077256427627077
False,100.00232458883931,3.833610092172262,899,3,-39,0.4215881868435944
False,100.00619778036472,5.8952814889933025,919,0,-38,0.07307062781845325
False,99.9965777674124,2.605627837269836,906,0,-30,0.9975984078287841
False,99.9934846482311,1.8799763432792385,903,0,-30,0.15134819677026556
False,99.99540822985942,1.9735207185394117,910,1,-35,0.36862741504871915
False,99.99653588695412,3.2529123552042,888,1,-35,0.4714839556401694
False,99.9967898231576,5.566587410520737,896,1,-34,0.4176012591849434
False,100.01074726654892,5.540962998200488,895,0,-35,0.14916403205297382
False,100.00912611527731,5.370619924458611,889,1,-32,0.0456657436801745
False,99.99665348971196,1.6793429191005624,904,2,-30,0.026772243014462994
False,100.01265803931726,4.749890584258255,912,2,-30,1.0314807627284752
False,99.99091878652719,1.2081355906173077,881,1,-38,0.8600527587288926
False,99.99884303086128,3.600010509010813,895,2,-32,0.7322345138717596
False,100.00563565587495,5.0222735144602755,893,2,-39,1.1290648725662886
False,99.98336785027314,2.2343643791148433,908,0,-38,0.08428109384692663
False,100.00919280223287,1.208528578111744,912,0,-36,0.0017386692334553362
False,99.99794706668203,4.900562116899177,888,1,-33,1.1648381474269427
False,99.99496195534692,1.3322297210208953,895,2,-38,0.36263802008399626
False,100.00536339484525,5.948307378859843,909,0,-31,0.024686983110879617
False,99.98639343528852,2.492870456115847,910,2,-37,0.8512013331583295
False,100.00539889778871,5.695833573110464,893,2,-35,1.156819214504046
False,99.9813567740833,5.647309792071151,897,2,-32,1.1748255126174636
False,100.00969096787694,4.825833542273923,903,0,-35,0.48347537923572537
False,100.00545123198211,1.8923614922308394,909,1,-33,0.3528176847415083
False,99.99938544829097,3.0936303280054362,889,4,-34,0.04923752006131584
False,99.99431541878367,5.742592826179728,887,0,-39,0.08600648434130277
False,100.00566728298259,2.240472913361996,915,2,-33,0.32615043778902064
False,99.99381809845937,4.279730423452218,897,0,-33,0.04748672203065513
False,100.00246472654766,2.2210891335377556,893,1,-36,0.947776451731649
False,100.0204571338824,4.93441609682075,904,0,-34,0.8642700704148744
False,99.99166101794378,3.589794378264221,909,5,-38,0.8757791187110531
False,99.99873870313114,5.1419821598777276,899,0,-39,0.08112511540469437
False,100.00128468724932,2.3076009321817343,907,1,-39,0.056340348009375395
False,100.00291263886801,5.794960900257668,912,3,-37,0.2180950581029143
False,100.01399008271605,4.559066733586391,903,1,-33,1.3528922238319083
False,99.97769261121724,4.0112044386196715,899,0,-34,1.3838328642084388
False,100.01294792782446,3.5025529021672437,903,2,-35,0.7384675939688838
False,99.99692002540576,4.408723695310171,895,0,-31,0.6012228156375942
False,99.97655889912625,2.2832367214426474,895,1,-38,0.4089632132117684
False,100.01554892036214,1.152008077194234,890,0,-37,0.23565310483216623
False,100.00780107502479,4.155213613806701,908,2,-39,0.13956726961275354
False,100.0055475082599,3.640680553154182,902,0,-36,0.7512486456158372
False,100.00533389987376,2.199307648263302,902,0,-30,0.04719794310321604
False,99.98783966180646,4.52515487583129,897,0,-36,0.6481121337465551
False,99.98767747298109,3.3076016010105374,890,0,-34,0.7189130160687515
False,99.9934577045546,5.048239603341137,885,3,-37,0.4797513236379806
False,99.9872258069346,3.2818230018272874,903,2,-38,0.9129912720248061
False,99.97336257764242,5.558089365859122,903,1,-38,0.6555060408403833
False,99.97823296576108,3.7416196998970443,896,1,-34,1.6471133729824234
False,99.99836497814063,4.806713724566489,904,2,-34,0.3788911396834117
False,100.00652648249472,2.427886151564883,903,0,-32,0.5902982322882636
False,100.01454307772428,5.275684374032899,904,1,-33,0.029501487491553246
False,99.98792782450467,1.2551733599656791,880,3,-38,0.016287777462235198
False,100.00986576696447,5.408796252623232,897,0,-37,0.7455872984912453
False,99.9953106205943,5.9010566679776835,916,1,-36,0.5013520926103605
False,99.99533481471336,2.4832851950176913,901,1,-36,0.05838883281238493
False,100.00094970055956,4.298303146392214,899,1,-36,0.8166707683168044
False,100.00655555793445,4.088707864288856,897,3,-32,0.3304881875577091
False,99.98784796165326,5.702179457815488,918,0,-30,0.3123697848744449
False,99.9845975381893,1.0024168944280156,907,1,-30,1.1489301029385228
False,99.9910050996509,5.387223579217816,893,3,-37,0.16917176109075682
False,99.98762734191735,5.10840503416958,899,0,-32,0.9826883005427394
False,100.01733732762273,2.311125763680947,888,2,-35,2.565398156338043
False,100.01867849415544,4.684570193564198,908,1,-31,0.6005889506297912
False,99.99893431191802,3.8338585216796486,904,3,-39,0.48650190746995636
False,100.00211513316762,1.5512785670679365,902,0,-36,1.417169175821509
False,99.98243751702016,5.899316647010546,901,0,-37,1.189800862122678
False,99.98546834845456,3.854566369400752,894,2,-37,0.006860148886935227
False,100.00962348266056,4.728347002661239,884,1,-35,0.3948463307419913
False,99.98674718623994,5.6671754477910685,910,1,-38,0.7186638771035628
False,100.0068183866691,4.817991326745073,906,1,-33,2.378262073044965
False,100.00295599634158,2.2071806848881375,912,1,-31,0.13582048967470722
False,99.98460593523825,2.929585727948399,895,1,-34,0.6061933267228279
False,100.00198596688652,3.9317567182736526,886,1,-39,0.1243260245861177
False,99.99449359203662,1.0363061844648387,910,0,-35,0.04231699090030595
False,99.98091046057056,4.789421716664435,902,1,-33,0.07926419026920914
False,99.99904800240276,2.1833759641982304,908,0,-31,0.47096633079886807
False,99.98607379021412,3.9970542827250246,900,0,-33,0.33142438139527
False,100.00466226536334,2.3234940114761633,892,1,-34,0.4541775330869189
False,99.98870115101457,1.0622757789382549,891,0,-34,0.5790477120279411
False,100.00251262400835,3.601350374522729,904,0,-33,0.2767941353945719
False,100.01167886617152,1.2300316113476146,894,2,-33,0.04135036506740181
False,99.9960690573315,2.082213150428726,899,3,-30,0.29920730272032403
False,99.98917935765337,1.7824832411730853,908,0,-34,0.21395050256028392
False,100.00297362634525,3.725855547531176,908,1,-33,2.1800677556052928
False,99.9949138718796,3.1390109785733493,900,3,-38,0.29921192227416255
False,100.00359772151357,4.579610766752639,897,3,-39,0.7623465070455011
False,99.98964037089578,3.056235284047511,891,2,-37,0.8753960189674171
False,99.99478972467533,4.24163239585733,883,1,-33,0.180169243343714
False,99.99396546584367,5.836555061867694,895,1,-30,0.19467188780839356
False,99.99426182694158,4.067405006808037,904,1,-32,1.4763752009685922
False,99.99982922953211,4.601037916977651,902,3,-33,0.1819670613771628
False,100.00015128276844,3.34135480202617,905,3,-32,0.11658729922999168
False,100.01110732105738,5.305816768340051,894,4,-39,0.027008012958799454
False,100.00783163474878,3.0959562275358925,894,0,-37,0.3788822088730224
False,99.98900732071797,1.9453552234441336,912,0,-38,0.782002995337884
False,99.99888872243966,2.490075657635142,890,0,-32,0.12096033738963766
False,100.00960524349871,5.523039132160954,898,2,-38,0.8036648634154783
False,100.00365875890114,5.51502756337913,913,1,-37,0.1978693475653215
False,99.9998149710995,5.482202303371458,907,1,-37,0.0833135859137262
False,100.00916484913472,4.741844121197401,896,2,-34,0.028067439862391335
False,99.99513313342229,2.0214044048318516,876,4,-32,0.46813756187013883
False,99.98745608737457,4.223951561061336,905,2,-31,1.3860651004245443
False,100.00453895712188,1.4993719426128285,901,2,-39,0.1419186921727238
True,100.00835041294063,1.2455228750252099,903,1,-34,2.1336899858464533
False,100.00892260810149,1.7917835585279198,902,1,-39,0.12236195921825828
False,100.01891317087262,1.5771307896007816,904,1,-38,0.13598460367027643
False,99.99559678222064,4.761978586750388,905,0,-36,0.9596944646147347
False,99.99069276914211,5.222153575435341,894,1,-31,0.5646285041737593
False,99.9978321201314,4.136407142347704,906,1,-31,0.5137965580086191
False,100.00976180514944,4.559900098290149,893,0,-31,0.13678307725683692
False,99.99366220248325,1.5614895970057314,918,0,-38,0.13982628155304064
False,99.99238140355075,5.55226511501115,895,2,-30,0.22656752095721389
False,100.02267444426118,3.90245785129964,889,1,-32,0.5155950853472197
False,100.01668468881986,4.222335698075013,911,2,-31,0.5140930635798509
False,100.0108523456558,5.076774664552557,875,2,-37,0.16662872296982198
False,100.0065945499913,1.6046896179410033,905,2,-31,0.525793817214748
False,99.98642706507684,5.806501377242173,897,2,-31,0.45338758382724453
False,100.00016193179623,2.6155945532587754,921,2,-31,0.11781156537492793
False,100.00532159512125,1.762071457140105,889,0,-30,1.007495567393193
False,99.98796067581927,2.160829711743317,902,1,-32,0.3244108066598144
False,99.99742109763463,5.687169187046154,927,2,-31,0.9834083984317578
False,100.00026978360887,1.4517454361371391,899,1,-31,0.86962464406244
False,100.00287027412051,2.6681082168656642,904,0,-32,1.5473567675923834
False,99.9995298049054,1.0089841241282111,888,1,-32,0.4200312625132256
False,100.004053187724,3.199161451769678,888,0,-31,0.010654743546772531
False,99.99536119257465,3.418129018658438,898,1,-30,1.2252700256622977
False,99.98729033040249,3.120897952577053,908,0,-38,0.3124369997835385
False,99.98856550660723,2.2958419183939682,889,0,-32,1.0295645172645265
False,100.00268203795828,3.869251643684139,894,0,-36,0.15312019238539049
False,100.00424771585575,2.847131392226676,892,3,-30,0.53968327414872
False,99.99249569550541,4.548782072354765,909,1,-34,0.3593684491119471
False,99.99928417809329,1.3469759040474925,895,1,-31,0.3064034016958609
False,99.986954178926,4.175225848983999,915,4,-38,0.4885809628123607
False,99.9920119719878,2.856137614782229,911,2,-33,0.024106657383291298
False,99.99298410599363,4.6802886792830884,921,0,-36,0.15808841990577055
False,99.9890720878384,5.667233288297813,900,1,-31,0.18305620935802866
False,99.98122035223498,2.926920215834229,886,0,-39,0.44593559033350777
False,100.00563693359234,2.2242008144664496,913,1,-37,0.35588068823996405
False,99.9850617080024,3.353499872499097,908,1,-32,0.17346868747914412
False,100.00932268419912,2.0867818473426585,901,0,-37,0.6396032423681856
False,99.99613194987204,5.665287712609835,908,1,-39,1.5186788219361111
False,100.00833952437841,3.51802920453346,896,0,-30,0.5966828292946429
False,100.00561132827349,3.6791825969718683,901,3,-33,0.30352316640478605
False,99.98846716070875,3.0560446804996997,886,1,-35,0.28906925934793143
False,99.9996640060144,3.4295198645415326,902,0,-33,0.08674802794943859
False,99.9729743107454,5.127593409428595,895,3,-36,0.34092215129628617
False,100.00342905117505,1.898371893618712,905,0,-31,0.20494443397389764
False,99.9972263494105,1.4139623142872568,888,0,-34,0.36237405428590524
False,99.97588743238452,5.675212363369589,900,1,-30,0.27908509720642527
False,100.002072601643,4.425524042609994,873,1,-33,0.16747465955341023
False,99.99433313160506,2.3974598428627774,905,2,-36,0.5030720589072961
False,100.00857827360456,3.811295803722298,892,1,-39,0.21004842387922268
False,100.01753888885587,2.5775390921876786,865,2,-39,0.35224267798971953
False,100.00428454557473,3.9512971271183046,900,2,-34,0.3879891229096453
False,99.99861336693303,3.163456232345852,896,4,-30,0.6547306000560281
False,100.0032243872253,4.159524168779467,892,1,-35,0.028722005231634543
False,100.0018628521213,2.8033798135136974,890,1,-35,0.007133180373971579
False,100.00536925157084,2.766732666991529,920,3,-33,0.13959429107308716
False,99.99702523474804,2.3520103403217925,911,0,-33,0.1572675175781884
True,100.00860151953925,1.3131079139188264,906,0,-32,0.09275430242898795
False,99.99420289993164,5.5011068016614475,890,2,-38,0.4890487730169502
False,99.98093449941595,4.08784051491585,882,0,-37,0.31710642206187317
False,100.00870559119454,4.37499163922474,902,3,-33,0.09955999223520845
False,99.99643874177214,5.513738953249822,887,1,-33,0.8842940418820143
False,99.9985892122681,1.7566231341193075,892,3,-33,0.6408586346164947
False,99.98251248404668,5.566036826085463,912,3,-34,1.1118993098317966
False,100.00503627647043,3.7670494484163544,914,1,-37,1.5688197947401263
False,100.00483970621286,2.5513778649744108,899,1,-35,0.7267463889011624
False,99.99119773897046,2.6399464860689577,884,0,-30,0.09319118817651076
False,100.00746435415623,2.48416569690101,904,2,-39,0.8885584635022398
False,99.98491049196346,1.1924719247471585,899,1,-35,0.4166531291747726
False,99.99917011346308,4.047695686268575,897,1,-38,0.018912605721772655
False,100.00165121565412,2.8855056071325595,882,1,-39,0.057669317757038124
False,100.01454443317292,1.956327761816106,894,0,-30,0.3643859446457419
False,99.98978263138065,4.6200174146545345,896,3,-34,0.12230564864913995
False,99.99649301695835,2.761846802742048,917,2,-30,0.5504614846317252
False,99.99286312079597,5.436658394704292,907,0,-36,0.43843281808253837
False,100.01291559679792,3.411815712012431,901,1,-33,0.4356339623246799
False,100.01346998178366,5.9710646658230235,890,1,-36,0.11058551795588287
False,100.01770573013209,2.475085695411374,888,0,-37,0.11768693863482946
False,100.00545827171831,2.061320719814743,895,3,-37,1.3497935130763195
False,100.00623598102895,1.0772281769378118,879,1,-33,0.9449797209394383
False,100.01539097737204,3.3333490439018965,910,2,-38,1.6510898030184182
False,100.01070101565892,1.525976544923426,896,3,-35,0.49718616076947914
False,100.01166402174823,4.14966863473979,900,1,-37,0.024318978274788555
False,100.00230499013918,2.711553309018687,894,2,-31,0.07500401997547815
False,100.00400560110215,1.121118988197249,906,1,-36,1.4639184422403895
False,99.99444779850064,5.465749058238265,899,2,-32,0.7971223948012395
False,100.01532390535593,2.6369070925962683,901,0,-38,0.1280641409173011
False,100.00702243553783,2.670665330858988,920,2,-37,0.7209584326995714
False,100.00510014894337,2.761485409181369,891,1,-34,0.5449804752210728
False,100.00248981960452,2.831925007812019,899,2,-37,0.5170047792506787
False,99.9964333684247,4.889527282585228,905,1,-30,0.05687619934869806
False,100.01498909965325,3.6554161745722404,895,0,-32,0.12160328852835972
False,100.00372260546395,1.9845795236677186,910,2,-35,0.5560648436089272
False,99.9941047174683,1.8586497369888768,908,1,-32,0.1903555900401419
False,99.99248107405569,4.59844222647887,901,2,-39,0.05252709831838124
False,99.97648552229754,4.547696524344558,904,2,-39,0.7975165617871166
False,100.0049752976382,2.8001173044752306,897,0,-38,0.9582654969021605
False,99.98569633106209,1.8124949959431194,904,1,-32,1.3208220814531808
False,99.99338564826735,4.9139068941746995,901,2,-35,0.32712060741718946
False,99.99771613993275,5.985571047332321,898,0,-32,0.06502291541084228
False,100.01087151828932,2.1226993205009532,890,1,-39,0.07823032022531401
False,100.00466926991889,2.1193145851338118,908,3,-37,0.058904664484126686
False,99.98950385557204,2.627075005628819,892,0,-34,0.2343243501306148
False,99.9965815164206,4.4431754624708,900,1,-37,0.17736206506046212
False,99.99496966308273,3.2275807177709046,883,3,-33,0.32131783049747936
False,99.9879893264626,1.9045162505659938,907,2,-38,0.36017299323339025
False,99.99546868836309,3.527349220319027,909,2,-30,0.6466663554323595
False,99.9883251546899,1.7647124570664188,877,0,-30,0.6193477452809578
False,100.01240041348997,3.7226704747732184,912,2,-32,0.35964785273976757
False,99.99931670166525,4.411748558101393,895,1,-34,0.5456554988679907
False,99.99447540121007,1.4037603355533288,906,0,-31,0.8525707242131344
False,100.01590740296216,2.771956739064292,907,0,-38,0.500453558964816
False,100.00774410437323,1.0318204996271176,906,2,-31,0.30250626665483354
False,100.02201258813,1.3713606634850453,908,2,-32,0.014366075667751823
False,99.99770757681655,1.1383112019016652,904,3,-39,0.8504447430703193
False,100.00656930180384,4.474883490730663,910,0,-31,0.4490007128550011
False,100.00364739201974,3.162760173873078,905,5,-38,0.08519644086978656
False,100.0091190060748,4.59232179283027,877,1,-39,2.3740378052316204
False,99.99410070072621,1.409561382987364,916,2,-31,0.1845025188501526
False,99.99764746093162,2.318993893984961,907,0,-38,0.5315055596234947
False,99.99571042136147,5.2607181838973744,903,0,-36,0.44630281864946986
False,100.00347502611929,3.0782083973974643,895,0,-31,0.7691698288513771
False,100.01333305855538,1.402727065807108,889,0,-36,0.08324315513107625
False,99.99362780375053,4.401028841503463,898,0,-34,0.008424605318899181
False,100.01253891370673,1.5514736169479457,906,4,-35,0.03559544000066897
False,99.9805894836596,1.4448073060761941,897,1,-33,0.08751488588139843
False,100.00662166472404,2.4298434123058494,900,3,-36,1.398065776617882
False,100.00146686062277,5.411084912016295,890,1,-30,0.4022845900394333
False,100.00758964045154,2.295134072952843,903,0,-39,0.22377370872570695
False,100.0054844449308,3.8063084461378662,903,0,-37,0.119259093241287
False,99.98415182574766,2.6815574203159125,911,3,-36,0.37942352812272884
False,99.99202386786155,3.813385843958214,876,0,-34,0.7025806637004224
False,100.00161178328804,2.280302343424843,912,0,-34,0.3389106720454427
False,99.99829113581652,1.766353108934645,888,1,-39,0.1887299300565905
False,100.00039833930083,1.8416141248774556,913,0,-33,0.9778764535206076
False,100.00087886619544,5.22157239927696,899,1,-37,1.274904407507114
False,100.00240641848589,5.992868940186634,894,1,-31,0.47927771506997413
False,100.00511930284456,3.9089393707302924,897,1,-31,0.016096226252494357
False,100.01225307168536,1.6047044472377934,910,0,-39,0.6860683111917019
False,99.9796083497467,1.088972222279438,895,1,-38,0.17213821406822788
False,99.99596633067581,5.511041014760601,896,4,-30,0.23070805157261903
False,100.000470656525,5.218311076507017,892,0,-31,0.10530398653712725
False,100.00387304380197,2.173318364545511,902,2,-31,0.5061222231611355
False,99.99962993200448,4.82323686643509,910,3,-37,0.26081271665114425
False,100.01545256142359,2.6612994923843094,906,0,-34,0.5831255312437411
False,100.00000367345345,4.432484257160559,892,3,-38,0.22756396482247007
False,99.99983594690364,2.0117076104194362,894,3,-38,0.5260034479939016
False,100.00053534999616,3.9270232532223703,892,2,-33,0.29887725362806505
False,100.00111480850748,5.904619931505877,897,2,-38,1.073737786606678
False,100.02218466332727,1.2485524944690036,899,1,-37,0.6992844947213578
False,100.0043283213256,3.9715387025630884,892,0,-32,0.34849946138387816
False,99.98703749733775,4.1346208433525735,905,3,-30,1.4664178401708938
False,100.0160170328284,2.745924952071289,910,2,-30,0.6548805368745009
False,99.97006287528784,1.8356154349494531,899,0,-31,0.5188190597384493
False,100.02041298015781,2.9219996072676127,898,2,-36,0.014221679322669059
False,99.99976033612471,1.1654973211837891,909,0,-32,0.08020026329182846
False,100.00379533404359,4.411448347628351,903,1,-35,0.12101847195499287
False,100.00474969697936,5.378698445691063,884,0,-30,0.02351646955878158
False,99.98218482023186,3.42172158046641,896,1,-37,1.3890530844894622
False,99.98952802423838,3.966353046944736,917,2,-33,0.5299482191740612
False,100.00346916464011,4.929054891157068,904,4,-34,1.4863887138650316
False,99.99921305750088,5.852194376699764,910,1,-37,0.9093970616930209
False,100.00373184294955,2.2257352951170852,892,1,-32,0.3467448855370304
False,99.99362166302738,3.5572960185948617,916,1,-38,0.09424964118453943
False,100.00086093026732,1.616748140897963,906,1,-37,1.762417429793248
False,100.0030645507887,2.4845839999342214,904,1,-39,0.3501464986127117
False,99.99726444313136,2.6416457155803528,885,0,-32,0.6171108874220328
False,100.00641896678205,5.3487288322721245,887,1,-31,0.0003728596502385715
False,99.99173667782097,1.8105062165401833,894,2,-39,0.017846395837117328
False,99.99252817713379,1.4545328565305817,887,1,-32,1.0387846155982021
False,99.99256349260241,1.7679930103230488,903,1,-34,0.03155621541708889
False,100.01036046018486,2.7316823816168387,913,2,-39,2.638381441816486
False,100.01002552365553,4.57047560993464,896,0,-36,0.11970049124142715
False,99.99691106587716,2.838567207076582,885,0,-36,0.7275941889299102
False,100.00037948861348,5.775332934233142,889,2,-39,0.24435061101577318
False,99.99954418943229,5.487292468634277,890,0,-35,0.16668505822252466
False,100.00329436880712,1.7293420897630871,908,1,-38,1.219051647971602
False,100.01949432134401,2.821725774150135,897,2,-38,0.047188492675080296
False,100.00986228519936,2.572512580413184,900,2,-38,0.7420336309910429
False,100.00705492165761,1.4727610645749207,886,0,-33,1.3107903115151627
False,99.98664770096717,2.3291653255580242,893,2,-31,0.8867535446267255
False,99.99425332796528,3.5614887280718706,898,0,-31,0.5670121446483853
False,100.02195661695306,1.0701411699808814,914,0,-34,0.45530176467576533
False,99.9954785369725,3.4348307014121797,898,0,-31,0.12154368562882328
False,99.99971258698,2.145044847017444,906,3,-32,0.8165536605170444
False,100.01313795692415,1.565902051811575,881,1,-30,0.41774263194241695
False,99.98229682441817,1.1299248295407525,888,1,-33,0.002757719827150067
False,99.99344226847991,4.510140003851204,894,0,-35,0.8193776247793253
False,99.98343427935461,3.3416769607895564,905,0,-35,0.11412484150442785
False,99.99777584136473,5.782785339787085,906,1,-35,0.4318138109205775
False,100.00211835214397,4.046516651887196,878,1,-33,0.033959933759128494
False,100.00557120087535,1.1688737470336865,902,0,-39,0.6027601522212868
False,99.97299343321556,4.230156110848146,908,0,-32,0.19347195245671947
False,99.98819965138892,3.1353127882712863,905,2,-35,0.2753255046523806
False,100.01482525624358,1.8834969338493492,881,0,-33,1.1828954689605038
False,100.0142080808072,4.417087383600199,918,1,-31,0.01741430466343216
False,100.00715419921436,1.9996073951566242,902,3,-31,0.14212020969712005
False,100.0115362397354,3.5066261405841277,903,0,-38,0.44853179872647797
False,100.00389233950459,4.051240476223748,894,0,-39,0.7031005833535023
False,100.01017810625335,5.662522866007667,906,0,-35,0.23151773858320968
False,99.99393106362648,4.72988163123876,897,1,-33,0.49970931207906644
False,100.00758501666571,1.6430034545117902,898,3,-34,0.6399229763277297
False,99.99847253760423,2.405811542018963,897,0,-37,1.5555853669134625
False,100.00430111455965,4.511988766557204,882,2,-35,0.029801796718963464
False,100.00475918902553,4.4877890131515965,898,2,-39,0.14895745433826743
False,100.01111820755449,2.5251445097449645,909,1,-36,0.058265648370457224
False,100.01375839158459,1.3128903991115661,893,0,-35,1.055132861287416
False,99.99903610114544,3.5692401053424847,896,3,-38,0.10275088652436222
False,99.99132259070393,3.8830886721951963,880,2,-31,0.5074742533750705
False,99.99775061745272,3.4899511977014392,898,1,-39,0.28974554001506175
False,99.98482945513206,1.3736354081978184,905,3,-37,1.3463194231340192
False,100.00775833700469,5.42686819844252,903,3,-38,0.231872279760903
False,99.99679924439376,4.6572634204881025,910,1,-39,0.20133995053611944
False,99.99884887115672,2.6617895861357916,905,3,-34,1.1243554422858013
False,99.99503332408439,1.9667150292963422,889,1,-30,0.12621215779759146
False,100.0051910683875,2.3874133121479355,902,1,-35,1.9754545154023577
False,100.0011195711431,5.994639693412985,877,3,-39,0.44850229296601435
False,100.002104406933,1.6067402328578342,903,1,-37,0.6019047985210098
False,100.0228166685015,3.190173204926196,902,1,-33,3.287028424364625e-05
False,100.00113505839019,1.2373920087246117,907,0,-32,0.03395288395997452
False,99.99943792923376,5.374665863815998,894,1,-33,0.2283927518270647
False,99.99763577314204,1.6210086904643042,905,2,-38,0.19453377207160572
False,100.01116647551726,3.298511118019753,904,0,-34,0.22105396884834133
False,100.02004305561451,2.4879011003581817,883,1,-34,0.01684395473725385
False,99.99649192153319,2.9579131337652758,905,0,-39,0.29184257445482203
False,100.02111552115706,2.8671510089133347,908,1,-37,0.5102352303064583
False,100.01883519600808,5.638928741874158,889,0,-31,0.9430055193000345
False,100.001552690236,4.356334398339879,907,2,-33,0.6420060006978737
False,99.99299902585463,2.588725708341307,893,4,-30,0.06612670099168544
False,100.0122385798395,5.750963585007891,893,2,-31,0.5554449096732895
False,99.99637783983388,2.2796114631156814,902,0,-32,1.7681445399149252
False,100.00948474971608,5.870609139899516,878,2,-35,0.005820781758755132
False,99.98916308488216,1.40647893891684,883,1,-31,0.22888389312959542
False,100.00194416318062,4.406685673190857,893,2,-38,0.22432183402494524
False,100.00604538331382,3.5420317786951907,913,1,-39,0.3621839263461093
False,100.00037964883063,2.7100199125027773,906,1,-35,0.04044860935467199
False,100.00307058516064,4.627495854895682,900,1,-31,0.5725283452007807
False,99.9721719302613,5.68955881306252,922,2,-38,1.031863832671603
False,99.99209128386394,4.845006307108564,905,0,-39,0.4120106334913502
False,99.99912709093168,4.255271674636222,917,1,-37,0.21498687798505187
False,99.99266869624245,2.4419420515499204,912,1,-37,1.5047671195459287
False,100.00181284300149,4.920806153415445,901,0,-39,1.088150713209882
False,100.00621993514358,4.390134573466452,899,0,-35,0.0012393357119427366
False,99.99991429132157,2.0420543716060533,893,1,-30,0.015831678210686758
False,100.00356707231305,5.723779559067717,902,1,-35,0.0436403120900935
False,100.00200092006749,2.7636654584817784,869,2,-30,1.7700966595495342
False,99.99930759059129,3.2356755196141935,897,0,-32,0.9702349342841383
False,100.00458512323749,5.285902703461884,906,1,-39,0.727639609926522
False,99.98906481752321,1.0058193425785675,890,2,-34,0.5032522614340141
False,99.99161762143049,2.910476857276705,889,3,-39,0.28545969689316764
False,99.99369814181645,1.6532321071446567,896,0,-35,0.27364576596022555
False,100.00989908226121,1.3842919605137662,907,2,-33,0.051287456616699374
False,99.98116112088024,5.733528698653055,900,0,-38,0.8593834698647442
False,100.00095517571401,2.5262487574262824,906,1,-32,1.1735955405118448
False,100.00784001910795,4.977120672113811,907,0,-30,0.2601932519269619
False,99.9928013297292,1.1685774719194977,906,2,-36,0.7561413384632056
False,99.96166807040174,3.302741826676642,898,1,-35,0.5715885756869954
False,100.01084071016089,5.83091932210704,912,1,-33,0.974093992344
False,99.99590058447866,5.117518053201098,893,1,-31,1.505510783038702
False,100.00658845389334,5.037986193448887,884,3,-31,0.08190455427102913
False,100.01266576987949,2.3511311654305382,906,3,-38,0.08590982414031975
False,99.99692811312546,4.202437116810337,868,0,-36,0.02723874695300268
False,100.00752220476376,3.424767814613878,890,0,-33,0.03583724784697248
False,99.98281035433732,5.8281838985433385,900,0,-34,0.951853520375958
False,100.01244125692988,4.305945668155404,895,0,-39,0.10515208009402527
False,99.98702987651558,3.4739031211287537,911,0,-30,0.008282169324039747
False,100.00523532873615,5.538922660926486,891,1,-34,0.021819951735750198
False,100.00249369603635,2.9454827778408945,893,1,-37,0.32122761230463565
False,100.00094862319831,5.370293736983879,904,0,-36,0.8330629321152992
False,100.00631860117372,1.029850646626624,894,0,-32,0.9101473405141047
False,99.9885993897243,5.762078697096459,896,1,-31,1.4913885880508222
False,99.9936759282993,2.8359736942696574,899,0,-37,0.34000704869708664
False,99.99625485980809,5.046473208339262,888,3,-35,0.17810149161824232
False,99.99023540366751,3.9302438787623695,898,0,-34,0.5584033018655902
False,100.00551720543814,1.5521439965176023,889,1,-38,0.11433447293659407
False,99.98431329551127,4.7377648182497,908,1,-32,0.3464756321439659
False,100.0026162682386,5.184010445544334,915,3,-30,0.8100632498599166
False,100.02025458408117,2.1349481813843303,890,2,-35,1.131782527408269
False,99.99295308101587,2.100196205273074,895,2,-34,0.07773786593532614
False,99.99731611796005,2.5670049052786306,902,0,-32,0.03123389683391012
False,99.98258153447792,2.0334983246472125,917,0,-38,0.9492344940550806
False,100.00504120318035,3.3170657912491928,912,0,-34,0.15634495515756025
False,100.00448358712599,5.168150469969324,891,0,-37,0.705651078174236
False,100.00958326508425,5.789335980256001,911,0,-36,0.6983502691742266
False,100.01152702144212,5.871506692419061,906,0,-37,0.42549004769254006
False,99.98245566593488,5.760049399447997,898,2,-32,1.7730796411535303
False,99.99608167251651,2.5955868078258124,906,2,-35,0.3837295210096041
False,99.99670417908494,3.7708530755956655,901,1,-38,0.2288362033457328
False,99.98093337110616,2.330898601974026,910,1,-37,0.08882028178419148
False,100.00638178139842,3.991231254825257,888,2,-30,1.497295792404349
False,99.98518474956107,3.0162758939594387,897,0,-39,0.3109511450954705
False,99.98177665732885,3.9901969319717416,907,0,-36,0.06338470432683953
False,100.01025617769383,3.7471943496920863,895,2,-35,0.2147298419675896
False,100.02097343244345,4.369405437282749,897,0,-33,0.7892815811588239
False,100.0072564941529,1.9097381257675745,888,2,-31,0.6393703190676565
False,100.01059975016945,4.629825603430925,900,1,-34,0.17488922104079246
False,99.99513946233964,2.608247933491244,906,1,-37,0.39537297675386746
False,99.98652299282848,2.4540453168271483,895,1,-31,0.807068368225852
False,99.99884473066908,4.599802679523856,899,3,-35,0.23829143459266233
False,100.00464899512545,4.278724691071547,909,1,-34,6.873126125434432e-05
False,99.99185306380099,3.1256981521363283,891,3,-36,1.0729818809168796
False,100.00853074645018,2.197109058547485,901,0,-32,0.5255899521170255
False,100.00184667707445,4.495470129303629,894,1,-30,0.6864635009818834
False,100.00762673036104,5.263478441771154,890,1,-39,1.330985218298066
False,100.00064552483447,5.166774435606321,907,1,-34,0.17833804967007028
True,99.9821887336297,4.489311761460493,889,0,-34,0.5589670040112847
False,99.98820366630682,5.130374410247414,903,1,-35,0.48564959188913487
False,100.00334944517486,3.05917486219937,899,2,-35,0.7613763947075283
False,100.00168771243165,3.187694196376793,891,1,-33,0.11293727748113
False,100.01195233693244,5.39146624059371,911,2,-38,0.6528704465825016
False,100.00267953197705,1.8981122580560175,891,0,-33,0.7650821028293974
False,99.99512759913172,4.649180604762311,891,4,-39,0.4761256053565937
False,100.01312729949103,1.7214425019112176,911,1,-32,0.2174417862727041
False,100.02855236292777,4.2409896032637295,890,1,-32,0.07648417975049339
False,100.00291371460169,4.137139611372199,894,2,-38,0.7719523552794529
False,100.01281084958366,5.960273391661381,893,0,-37,2.069181961058357
False,100.00900201919498,4.5663100528246146,907,1,-37,0.0447305211054055
False,99.9994696564533,1.2576039200926923,902,1,-39,0.7266622936333991
False,99.99828513449123,5.783950317568141,896,2,-37,0.04595492312303164
False,99.98828837664165,5.274670917202743,906,3,-30,2.6186971627024977
False,99.98779835727514,4.629642601883708,915,1,-37,0.4538332937521126
False,99.97896005157763,3.8078549267617134,885,2,-38,0.19408143993674037
False,99.98400016058731,5.8549208404631905,895,0,-36,0.8107714954000421
False,100.01722739812409,5.574828903795752,898,1,-34,0.7455774518835133
False,99.99902377949131,1.8508499871721331,913,0,-33,0.05027995259692429
False,99.990470143746,4.449852536288702,900,0,-31,0.13808869047324995
False,99.99949778986777,4.897362061308632,896,3,-37,1.2103569905418594
False,100.01857319666355,4.4799749389239905,901,1,-33,0.3294726846158739
False,100.00023224884556,3.4277315139343965,893,0,-33,0.012062061357078532
False,100.00368012211501,1.6241166163388046,910,1,-36,0.9464966105093201
False,99.99270496008837,5.466106543945025,896,0,-37,0.26409169360827184
False,100.0096046843354,1.4130708844028785,888,1,-39,0.1129695490042452
False,99.99975577602683,5.421219312512814,885,0,-39,0.22512720178658469
True,100.01085324143963,5.095619101651417,901,1,-30,0.17048269777383043
False,99.99512154825402,2.60447643565713,897,2,-33,0.16735681511312392
False,99.99527371582843,3.9557865601686952,915,0,-35,0.15328879629857003
False,100.01498097686715,5.391423976662825,907,1,-34,1.3570374163494359
False,99.99337454712797,1.2150628775383616,906,2,-37,0.8392473641185751
False,99.99755903775177,2.6638690977998145,908,1,-32,0.08041045826915634
False,99.99283129106736,1.5089340354747036,906,1,-39,0.08619552173423806
False,99.9836526004034,3.449351823297854,897,1,-33,0.26983111218226924
False,100.0106964664894,4.673967348166843,908,0,-36,1.2268657129688554
False,100.00167723245542,1.667615095615672,902,1,-31,0.6370507084762176
False,99.97591962281604,5.756783032179755,906,0,-32,0.08015398828273651
False,99.99763732991347,2.360864804700825,915,1,-39,1.1216307906859617
False,100.01767537277834,4.766933135384009,910,2,-36,0.47150332887127355
False,99.99129385027872,5.853450828907369,915,4,-33,0.35034854192975
False,100.00341454279518,1.4833975751134267,893,1,-39,1.3467199301714172
False,99.9985298067501,3.7531987196127266,889,0,-37,0.11515930064364893
False,100.01181096478928,1.6875362697557885,886,0,-32,0.27928433898636923
False,99.99870230539935,3.6763781618298865,908,3,-33,0.3737566292421375
False,100.00248092250601,4.673077983974968,893,2,-39,0.838772467864537
False,99.99995242251278,2.0477148907632867,904,2,-38,0.04528502013350111
False,100.00971567078909,4.058220564932277,891,1,-39,0.1379520854356929
False,100.00596106549118,4.516370084679962,901,3,-39,0.37124790882310893
False,100.01613924210305,4.461321293111527,890,2,-36,0.9380714610515377
False,100.00235159638284,1.4223304301510455,899,2,-36,1.6301457061266664
False,100.01555180636579,5.161268843056407,912,1,-30,0.021354748475576505
False,100.01049030731066,4.647196757929612,906,1,-37,0.9667456532491787
False,100.005663855947,5.8179422933696605,911,2,-36,0.014558128815047157
False,100.00376094106086,1.646066233668909,910,0,-32,1.2673591673703983
False,100.00861464394384,2.7920109207279324,892,0,-39,0.7835601161253574
False,99.98633836157288,3.8238260591759987,913,1,-34,0.09801373114250717
False,99.99784758678331,2.556000484447517,891,0,-33,0.6178795218965557
False,100.00033452988009,1.3962417193189167,898,3,-39,0.4041562097916518
False,100.00507502190015,5.743658822278876,896,0,-39,0.6180178554450318
False,100.00907786967899,3.7191452533599216,906,0,-39,0.8489575500687874
False,99.99618613124197,2.583279102134489,885,0,-39,0.1721111401979091
False,100.00658069074623,4.038336629388695,896,0,-36,1.5017842782265574
False,99.9882877812106,2.6032746357578986,885,1,-30,0.6814253475117034
False,100.00769328767524,2.73634282484805,893,3,-32,0.12265590386115616
False,100.02515060980491,4.502408205455923,911,1,-34,0.6170319746337487
False,99.99948278938957,5.365419046425826,908,0,-31,0.342241852324338
False,99.99949712427842,5.074176012716226,905,0,-38,0.2994012897394468
False,100.01344529363881,3.155971630589673,908,1,-32,0.3426856671710086
False,99.98895740095838,1.043181744276934,910,4,-36,0.10594630484087951
False,99.99345561120546,5.1323408854297465,901,2,-38,0.5269955603137327
False,100.00291286321563,1.4510503487253514,901,2,-35,0.40239076097054416
False,100.01461860797734,2.836041023536301,890,0,-38,0.3194191210534671
False,99.99423110408051,1.5212528987623277,885,2,-39,0.6811342958701678
False,100.00051911381536,1.8182054783903676,896,2,-35,0.3415523397543724
False,100.00289982841808,4.237405102207511,916,3,-37,0.04798231670963409
False,100.00277155077023,3.7847325638553144,896,1,-33,0.2585670380864746
False,99.99430771726468,3.705151263048311,914,0,-34,1.4084333675440972
False,100.00957117187795,3.2897587845960103,894,3,-36,0.32249989502181436
False,100.00937572784524,2.6867082013872485,895,0,-39,0.12803522530652744
False,100.0150543131386,1.5920380257443125,888,2,-30,0.5809295052596392
False,99.99908753830545,4.0536469055070015,885,4,-35,0.0006802388413072073
False,99.99040496751323,3.1238220101653833,895,1,-31,0.23863119154766158
False,100.02322030740933,2.5975190658776888,902,2,-38,2.13705227125649
False,100.00993300426445,4.656086999861306,881,2,-31,0.2433756146297482
False,99.99417318872345,5.964732168878748,895,3,-33,1.9233853431300656
False,100.00735141280605,1.5050752903804467,899,0,-39,0.2931402712353569
False,100.00164026604665,2.6506427849652567,915,0,-38,0.20203379271281902
False,99.99593559693635,4.924969682929608,898,2,-36,0.32360496198245037
False,100.00284906701589,1.340153244158698,894,1,-36,1.1735720341494185
False,100.010853210185,3.933469176370686,900,2,-31,0.03100276015701879
False,100.00663188250769,2.624885493408985,895,0,-31,1.3993738497347237
False,99.99499024151078,2.9774157026965233,896,0,-34,0.023602631356939414
False,100.0079197848322,3.2931707784313806,887,1,-34,2.149119232562595
False,100.00626690958381,3.9538319186586817,898,0,-34,0.6972139072436363
False,99.99608253524147,2.2720811742627096,909,1,-32,0.82174161086848
False,99.98828613970593,5.854678353321812,903,1,-30,0.9445812068342162
False,100.0062226453455,5.260723261402392,897,1,-37,0.962633873357625
False,99.99217644513854,2.6998809172275315,888,1,-36,0.0902485316325862
False,99.99865079961556,5.396537120341614,905,0,-34,0.6038213286718439
False,100.00095439159978,3.5705866895851996,903,1,-31,1.6920917970356053
False,100.0083144815283,4.005469965327203,894,1,-32,0.4562038295736403
False,100.01314363151175,5.240671052190792,887,1,-39,1.5577868024263422
False,99.99307809714828,2.577498017029294,912,1,-36,0.2318739990204721
False,99.99740345887045,3.997359521654933,892,1,-30,0.14869105676640898
False,100.01165870811228,1.4511123391434713,920,0,-37,0.18349723820058209
False,100.00331111720315,1.4158134025178928,894,1,-30,0.6402189290104496
False,99.99400635928137,2.2160037246568924,906,2,-36,0.06653738436232529
False,100.00564676057161,1.4499800715512832,889,1,-32,0.2737276166020745
False,99.98562206972717,3.9194898577295425,896,0,-35,0.5752035520320973
False,100.00234104639621,5.5520633827055,895,1,-37,1.1882884128364521
False,99.99324271086472,5.997594700374377,896,1,-34,0.2518375147828018
False,99.99760810777148,5.747055752424893,902,0,-39,0.030951608079912273
False,99.99057335321912,5.050359524135174,897,0,-39,0.08550662108592001
False,99.99609949626091,3.9229021850604706,904,1,-34,0.06341124892573158
False,100.02111541309499,1.232294060936633,900,0,-32,0.282949688476767
False,99.97962286562294,5.173372491196906,898,3,-31,1.1025988410385579
False,100.0041173416734,3.0556808683326784,909,0,-39,0.2372012953562504
False,99.99797926752332,1.5550315705229836,899,0,-36,0.8457298797838676
False,99.98683880246215,2.943344486748363,905,0,-33,0.10591135239734055
False,100.01765675595516,5.2183889984412595,894,2,-35,0.5064123845895151
True,99.99809193781299,2.028480541118222,890,2,-32,1.183261165034392
False,99.99553798050435,5.85955031127775,899,3,-31,0.4754784806413127
False,99.98920880324498,1.2976110491860968,891,3,-30,1.7019401243298922
False,99.99902879067581,3.9820814819345065,913,1,-37,0.22485169522517823
False,100.00781696570611,3.0853771552569556,903,1,-37,0.7037822360345424
False,100.00608287568072,1.1694425589094373,903,0,-31,0.29862615918684915
False,99.99776335181936,3.596741917155817,906,2,-36,0.67419510386867
False,99.98694082572887,2.454515349406032,895,5,-30,0.6361732325924794
False,99.995948571556,3.340440379173959,888,2,-30,0.4815354323391778
False,99.99440079832206,4.63909280783799,914,2,-32,0.9540038800578966
False,100.00774921457221,4.371786568256462,914,1,-37,0.42265268782775584
False,100.0011735334885,5.572144781236192,919,1,-38,0.6799579160760396
False,100.00887916957272,2.4997589316900757,922,1,-31,0.552807415275788
False,100.0021734482414,4.785723784108413,893,0,-33,0.12303094362140189
False,100.00260614983182,3.9504283953092196,898,0,-34,0.8162169125492783
False,99.98861575293186,2.722316506610095,909,3,-39,1.9852594003772472
False,99.99848749789066,1.038578325159106,914,3,-33,0.010364844270839607
False,99.99252814038826,2.9245263563373376,902,2,-31,0.347509244967088
False,99.98828276110767,3.4986180917980056,881,1,-36,0.5324648268362907
False,99.97411892525243,3.052172276933965,887,4,-39,1.4147085801384467
False,100.00184549824903,5.7273198644974395,896,0,-32,0.9568039220412474
False,100.00788558877127,1.0171158367154056,915,1,-38,0.5091567006355135
False,99.9999670756082,1.6376924081579405,902,2,-33,1.0824265918572527
False,99.98160134522652,1.420370017980195,901,0,-31,0.19245922916255961
False,100.00314271757888,3.666547244460726,894,2,-32,0.15050162316788954
False,100.03405161473643,1.190540077544058,904,1,-31,0.30318757600405744
False,100.01666619729004,3.5769794463256197,912,2,-32,0.20310817372477544
False,99.99498300227994,4.615444947942336,893,2,-30,0.14428029572235995
False,99.98398829333561,4.763462315221471,911,1,-34,0.8779043186044323
False,100.01423967106332,3.1469203185666634,881,2,-35,0.0486428584501652
False,100.01482621516773,1.0601453784134787,881,1,-38,0.9990418515456998
False,99.99295876947987,5.609660684606035,908,0,-34,0.3453365554787645
False,99.99664549515187,2.7280590739507575,894,2,-38,0.3805407338449617
False,100.00785472090315,2.2557912179853634,910,1,-38,0.7935656257261825
False,100.00274748113155,4.064260021873561,885,1,-37,1.1206585689999904
False,100.01558097641401,3.311984270282669,880,2,-39,0.0005479015677891988
False,100.00174226658953,3.2828155495740186,887,1,-39,0.14447423266682144
False,100.00144888539076,5.616018974729398,897,2,-38,0.9873668527512545
False,100.01332808068626,2.2464182323687916,909,1,-37,0.11860141483046828
False,100.01391240314277,1.8242944205409568,892,3,-37,0.5790097761188614
False,99.99869814807865,1.172439477294417,893,1,-31,0.48539070045249083
False,99.99522958221277,2.377700219325249,907,0,-37,1.0426578510318725
False,100.00146251917819,3.7820345999042413,883,0,-35,0.4300832550884608
False,100.00067145973706,2.8715948575715053,882,0,-32,0.426653381444789
False,99.98427378787758,3.5176714793161725,897,1,-33,0.057915200915059944
False,99.99823537127602,4.137635357274927,891,1,-34,0.18949973343455973
False,100.00004461923342,5.939798437935804,888,3,-31,1.2412878980761963
False,100.00233892710736,2.82656460412546,912,2,-32,0.6179641206714855
False,100.00997891479973,3.9784407615161252,901,0,-32,0.22229725909556305
False,100.00520508979793,4.639822754029919,906,2,-37,0.027984695141367553
False,100.00784415883216,4.975212290781979,909,1,-39,0.18629613999901326
False,100.00404311223785,5.8940067461145595,908,3,-39,0.7777737650230406
False,99.99582726928834,1.6839623705231845,921,1,-38,0.135166332289349
False,100.01196820619127,4.991011721544373,915,2,-38,0.27309096916328973
False,99.99923833158682,2.3212698121681967,897,2,-31,1.799901099976961
False,100.01807971361556,3.2729343362168724,890,0,-38,0.20957678818733533
False,100.013450542666,5.972130201286629,911,1,-33,0.5254972956979481
False,100.01055273521555,3.748056396390096,885,1,-30,0.15127218243102405
False,100.0120143643421,2.658051064790525,888,0,-34,0.6710034278235006
False,99.99332686306535,3.4455824380316074,899,2,-37,0.41612550709533586
False,99.99981268833027,4.255680834558488,886,0,-39,0.37253155714896813
False,99.98660953037546,4.577546289298579,917,1,-37,0.022571111102509263
False,100.00998805440304,3.638754728312641,901,2,-30,1.1604254804356973
False,99.9919199077401,4.314332244962307,903,2,-30,0.3296097881940849
False,99.98595688141644,1.5480921903677531,907,1,-36,0.1913245902743317
False,99.97789053897361,5.043154824957297,891,1,-33,0.8368232519896058
False,100.00893211796362,2.2038132467399674,913,3,-31,0.4089493598060555
False,100.00356678241603,2.039524565781579,867,2,-30,0.13070621250653844
False,99.99684340048539,2.5802246438068734,905,2,-38,0.3399498497769804
False,100.00114296303484,5.535199335906006,901,1,-38,0.7914714158028471
False,100.00391257308927,3.278897680694673,896,1,-34,1.015457651114182
False,99.97867778813539,5.419159058109804,905,0,-31,0.2881612865931107
False,99.98669999525632,2.6465825722678233,908,2,-37,0.49210142518755007
False,99.98642387882636,5.942450697111686,896,2,-30,0.7702966770362952
False,99.99613023590018,4.579174977838557,897,1,-34,0.2591897454055954
False,100.00193253040975,5.5890682194685155,895,0,-39,0.09357320882923918
False,99.98324694596928,3.585277851183072,894,2,-38,1.200778349844526
False,100.00067073648854,2.954451801367942,909,1,-32,0.06634227831800038
False,100.00400666628846,5.660390277662019,892,1,-37,0.11851889538568748
False,99.99758658203378,4.183726291846969,897,0,-36,0.16922178848764105
False,100.01750814310893,5.56648307054648,908,1,-36,0.8209012131528385
False,99.99375895768539,3.6091513844712,910,1,-33,0.4248419597393695
False,100.00665883715544,1.597893419281802,918,1,-34,2.0834962883690813
False,99.99362785313417,2.3320614225884766,896,0,-36,0.3289820256402578
False,100.00871654049368,3.3110274142236156,882,0,-37,0.1492318265124623
False,100.00099569305435,4.847089285021836,903,2,-30,0.7868910181040167
False,100.0114242722925,3.440615159141552,907,1,-32,0.9609599684520304
False,99.99482201369707,1.1100028149923133,916,0,-30,1.534220966256895
False,100.01269379304748,5.231174674074442,895,1,-30,0.3602778451796762
False,99.98440626698199,1.5777951013687044,898,2,-39,0.554863644700065
False,100.00630114613853,2.6455458989336593,892,0,-30,0.22148834834610565
False,100.00202243386558,2.3863100263973926,883,1,-31,0.08010865046633663
False,100.00597378689443,2.844277273983553,904,1,-35,0.8629826592914178
False,100.01035890269792,1.6800960150363151,886,0,-31,0.7593323200917271
False,99.99460660755567,1.5398205733878485,899,1,-30,0.06549904291332359
False,100.01187640505745,3.763065842795149,902,0,-31,0.022483149118405266
False,99.99480408313649,2.8754353025528214,899,3,-36,0.06633794559723424
False,99.99277017506277,5.74806693742098,925,1,-37,0.07348647357366005
False,100.01045780558194,4.37294018421353,897,2,-31,0.20073263622765428
False,99.9984009353262,3.2589955650355025,885,0,-34,0.49661200745346673
False,99.99619365168525,3.0661107476136986,906,0,-31,0.8415449175039869
False,99.98541660177165,4.929320737318741,895,1,-34,0.34302269670816476
False,100.0029899376374,1.7551951863025619,903,0,-36,0.0023445867013180436
False,99.99433737460093,1.4004316112341915,902,4,-33,0.6021663228296378
False,99.98447256604496,1.6319667825404167,890,0,-32,0.24403626918575302
False,100.0067287950924,1.1781141590635822,881,2,-37,0.10175905371354135
False,100.00941171611069,4.2267988270687775,900,1,-35,0.19914893665999914
False,100.00151731243383,2.156281910964296,904,1,-30,1.1366500427252764
False,100.01502116691553,5.75122435492711,915,0,-36,0.2542484799920918
False,100.01008845329164,3.3403544118977475,900,1,-31,1.3305286532423957
False,99.99370256247353,5.380887657694384,906,5,-37,1.2735893818365043
False,100.00244495902,5.913163626033933,896,3,-34,0.15582345776196393
False,100.01046528225606,2.569487664469053,904,1,-36,1.0270107650617115
False,99.99723123433054,2.9363546659158026,912,0,-38,0.9398015131628332
False,99.99988989185054,4.4319337128099905,904,1,-34,0.18679821335997596
False,99.99594339227467,2.8084958693464244,908,0,-31,0.43607715455777024
False,100.00031883735241,1.6238128592793086,908,1,-30,1.747639222643128
False,100.00329601722319,1.9738967886040721,908,1,-33,0.34774186716281225
False,99.98394165109133,1.182080449152482,908,0,-38,0.0412865765796413
False,100.00079252122866,2.0997867314061036,901,0,-35,1.509921963941163
False,99.98879606681257,2.2615281643790426,904,2,-30,0.7349791763684579
False,99.98720892882199,2.1101870201918773,906,0,-38,2.086315290684631
False,99.99790709785182,1.1427091384484602,918,3,-31,0.024118891800125965
False,100.01446859958857,4.7251942421067845,899,0,-38,1.4846234157812166
False,99.99445505613606,4.8507095878543405,914,1,-30,0.6732651985527425
False,100.0024107189698,5.052283483682641,904,1,-33,0.23082544326947893
False,99.98068474636648,5.331378396428136,907,0,-30,0.2749454419619932
False,100.01630667529004,5.912507296743627,900,3,-33,0.724458689692448
False,99.99794454262452,3.559829632454504,903,1,-34,0.2554330829383314
False,99.99762160231032,5.995031237458367,886,2,-38,0.9308802594306392
False,100.01418010763398,4.163403467596866,898,1,-33,0.36199454786953306
False,100.00920219397268,2.791826561814283,889,2,-37,0.633464125195776
False,100.00902629425948,5.236743007784176,882,1,-35,0.07729558060248318
False,99.99953594138934,1.4596113333260816,899,1,-37,0.8360338796005519
False,99.98444229797389,4.727717346632742,911,0,-31,0.13352561960174522
False,100.00702356375166,1.7602747562278118,908,2,-39,0.14140053052196938
False,100.02794334588356,5.059917577997899,908,1,-36,0.1630895107979632
False,99.99363298559595,1.851785919163956,893,0,-36,0.7632987151384129
False,100.01324155630834,1.3629623188623738,897,1,-35,1.3411646268279334
False,100.00547556323478,2.1294912458908657,905,2,-39,0.37203699774295124
False,99.9898557992281,1.5883644075097054,879,1,-30,0.008125990680024148
False,99.99813008670054,3.4068370965001975,898,0,-37,0.1205596940743516
False,100.02244320332476,5.976977529783027,904,1,-37,0.6502081293178102
False,100.01160150470714,3.531905956387963,898,1,-35,0.7304626513297185
False,99.98224145924411,1.5832095128793136,892,1,-37,0.5336699303914229
False,99.99392322842239,1.055004001533821,907,1,-37,0.6029854373229182
False,100.00641203173974,1.4512950279692967,916,0,-36,0.18346246621946966
False,100.00199777327339,1.7463016142768848,888,1,-35,0.4093631314976272
False,100.00266987887527,4.479333720673244,902,3,-34,0.2355279565676543
False,99.99069614554956,3.774789307290799,905,2,-33,0.026845223009975255
False,99.99731976086599,2.044514555510859,911,1,-31,0.7452404386746397
False,99.98922365789444,3.6424839949680106,887,1,-34,0.9424959437297415
False,99.98787943871733,4.848037728194178,892,1,-34,0.30170458373853204
False,99.99372179279932,5.813280298549499,909,0,-39,0.23379476198083762
False,100.00111531580582,1.9475778755308562,898,0,-33,0.2145415545347584
False,100.00489123327989,2.7040276212148586,888,2,-37,0.673763047368503
False,100.01309706938966,1.102601282749002,905,2,-35,0.1783399776363933
False,99.9964552940316,4.368640308933296,894,2,-35,0.44463026792626514
False,100.00380789707795,4.085070192592093,894,3,-35,0.11844155026048356
False,99.9921570661483,2.7013963681428272,911,2,-37,0.2832219107807032
False,99.98480157632109,3.624473262043474,892,0,-39,0.9118661518003432
False,100.01096135707148,2.7397104782724906,908,1,-34,0.13861085943063806
False,99.99322673274911,4.007114187799814,910,0,-36,1.0180116506277197
False,100.02023012758808,3.333760870845478,903,1,-38,0.06765239515213235
False,99.9741705191377,2.3979316273793687,900,1,-36,0.06004637661355731
False,99.9857011391921,3.2013957499584205,897,3,-39,0.00748536284253042
False,99.9888566168202,5.39056074204588,915,0,-31,0.17864759899132426
False,100.00151784880724,5.163902255807582,896,0,-39,0.05469408379186997
False,100.00448340357276,2.197762645587544,903,0,-30,0.7199603487754946
False,100.01147536285096,2.175806713409689,906,2,-32,0.5792256127761335
False,99.99061042105788,1.3078946203063548,902,1,-39,1.975917029435862
False,100.00831926067436,3.52182396723081,889,2,-31,0.2216385607787653
False,99.98605789358422,4.243881184688034,920,1,-33,0.14718770015796434
False,100.00279334538362,5.193783652732282,911,1,-39,0.8752976834834296
False,100.00640249716255,1.685298933927656,896,0,-35,0.10178486449553344
False,99.99101265020799,3.970809146561208,894,1,-34,0.9846555929175341
False,99.99425261942558,1.5945428248827662,886,2,-37,0.1518472402663196
False,100.00750547916984,4.723520555393428,916,0,-35,0.1718371564423617
False,100.00671522965487,2.1244585647061482,903,0,-32,0.31288286697780354
False,100.02106724941505,4.862166779910927,905,1,-33,0.19323528624925973
False,99.98398721347426,1.3693910325703842,904,1,-31,0.26460232909167514
False,99.98729878789356,2.833599986525517,887,1,-32,0.2141586640642148
False,100.02109412281253,3.9310360422833597,910,1,-35,0.2745328603995332
False,99.99985162275838,5.624937523891416,900,0,-30,0.23456589903225686
False,99.98593136874489,5.889549037922171,887,1,-33,0.05658566527606837
False,100.00004684799404,4.348663566985426,896,0,-39,0.02029793559855866
False,99.98397243650456,5.685938845600578,885,1,-39,0.901564807053558
False,99.99794314345854,2.230868108967522,903,2,-38,0.3820414697207371
False,99.99888537852557,1.6565246226965682,889,1,-35,0.832552373579409
False,99.98503250205086,5.603330551530005,889,1,-30,0.11149193914129872
False,100.01503619355846,2.150966293222637,888,1,-34,1.0014995915299052
False,100.01823099846168,3.1101805834651155,902,1,-35,1.4611041580311401
False,100.00199629747696,5.6561366715897154,912,1,-33,0.2421914554207341
False,100.00307684013755,4.657735627163408,882,0,-37,0.13359872184360058
False,99.99713198403634,5.53457971252235,905,0,-37,0.03698731837428249
False,100.01242438355939,1.1071389414430306,901,1,-35,0.6162937702869803
False,100.00636809343735,2.8017935951216484,906,0,-39,0.08305284377446517
False,100.01784532072324,4.502375592689487,887,0,-36,0.7126109551946161
False,100.00951791064593,1.4645326957425429,903,2,-33,0.0880010397411065
False,100.00890990536715,3.5248916566000466,880,1,-39,0.008909669168739157
False,100.01137462499682,4.241324157484833,900,2,-39,0.03835982720474758
False,99.99624012841232,5.584669898745361,911,0,-37,0.16578497701447717
False,100.0087502097444,1.8877699670879329,887,2,-31,1.0396428964434183
False,100.0139176275335,5.083227737847148,881,1,-36,0.25861927063118645
False,100.00093793260503,3.546575930083014,900,0,-34,0.11368027532643735
False,99.99100280230469,2.4451724649575812,906,0,-34,0.011498036669702453
False,99.9940688012088,1.7387198847291336,893,1,-32,0.19816125025578427
False,100.00108785518862,5.080347267213872,898,1,-39,0.8121912474303309
False,99.99561264951497,5.520155860262725,890,1,-37,0.025785683298933267
False,99.97345364888085,5.444551139047386,898,0,-39,0.5708497015128718
False,100.00596154220807,2.4553971116896465,901,1,-31,0.9138843138499789
False,100.02046087578768,3.783815809764028,892,1,-37,0.13189324650639042
False,100.00435629396526,4.033024992503059,903,2,-32,0.006487583322604998
False,99.99377739874413,5.657157364844249,904,2,-36,0.3245352389854272
False,99.9864558680929,3.978795030687065,894,0,-35,0.2535912947976889
False,99.97707836695307,2.7129297293033288,878,0,-36,0.34294240238231866
False,100.00427269054266,2.3577426058222852,905,0,-35,0.5701356100962659
False,100.0077899156433,4.610924059228775,894,2,-38,0.043076198877740786
False,99.9828320384232,1.6760625837716576,904,1,-36,0.3651501583278382
False,99.99382765686707,1.1447963078036951,903,0,-35,0.07227974310818178
False,99.9912521299592,2.214443130073576,891,4,-35,0.3974790812594308
False,99.99494794803924,3.2920098872849497,903,0,-37,0.6876300742023362
False,99.9978303695045,3.4356402467985205,896,2,-38,0.3687079594642735
False,99.99855038873484,5.993093519958133,875,1,-30,0.40659613546352463
False,100.01112197322337,1.962124910886077,894,0,-35,0.04980102993873913
False,100.01613758704093,3.764595026220814,895,1,-34,0.006699357781745086
False,100.0223522518955,4.62530518141311,912,2,-34,0.1041308653869841
False,100.00235379558589,3.2837383359890606,876,1,-38,0.17169853372674757
False,100.01727444277773,5.73404748156805,903,2,-33,0.09661866114569528
False,100.01227497346704,4.583539724818514,891,2,-31,0.7260070492822713
False,100.00085452562143,3.9994584505779627,888,1,-31,0.22830824531887386
False,100.0059866969535,4.16978363216669,882,1,-35,0.43653186772034086
False,100.00406867132605,3.546455992628926,905,2,-35,0.7336324045676818
